dataset,seed,f1_macro,training_time
adult,0,0.783112017873502,1.6295101642608643
adult,1,0.7784572493403152,1.3706278800964355
adult,2,0.7581917864478478,0.5031039714813232
adult,3,0.78654347976369,1.0755021572113037
adult,4,0.7769613384563032,0.6726880073547363
adult,5,0.7783581159246848,0.9082410335540771
adult,6,0.7786298555009944,0.6715140342712402
adult,7,0.7818565878825718,1.0957341194152832
adult,8,0.7718239270722804,0.6331791877746582
adult,9,0.7786584722887003,1.0841410160064697
